,Keywords
0,corduroy pants
1,corduroy pants women
2,corduroy pants mens
3,corduroy pants mens baggy
4,corduroy pants black
5,corduroy pants women's high waisted
6,corduroy pants brown
7,corduroy pants h&m
8,corduroy pants uniqlo
9,corduroy pants baggy
10,jos a bank corduroy pants
11,h&m corduroy pants
12,h&m corduroy pants mens
13,h&m brown corduroy pants
14,j crew corduroy pants
15,j jill corduroy pants
16,j brand corduroy pants
17,j galt corduroy pants
18,j press corduroy pants
19,j crew brown corduroy pants
20,north face corduroy pants
21,z cavaricci corduroy pants
22,how to style corduroy pants
23,how to style brown corduroy pants
24,where to buy corduroy pants
25,where to buy mens corduroy pants
26,where can i buy corduroy pants
27,are corduroy pants in style 2023
28,what to wear with corduroy pants
29,corduroy pants amazon
30,corduroy pants australia
31,corduroy pants ajio
32,corduroy ankle pants
33,women's corduroy pants australia
34,corduroy jacket and pants
35,corduroy shirt and pants set
36,adidas corduroy pants
37,anthropologie corduroy pants
38,aerie corduroy pants
39,corduroy pants boys
40,corduroy pants blue
41,corduroy pants bell bottom
42,corduroy pants beige
43,corduroy pants baby
44,corduroy pants brown mens
45,corduroy pants burgundy
46,corduroy pants cream
47,corduroy pants cotton on
48,corduroy pants cargo
49,corduroy pants canada
50,corduroy cargo pants mens
51,corduroy cargo pants women's
52,corduroy carpenter pants
53,corduroy cropped pants
54,corduroy casual pants
55,corduroy chino pants
56,corduroy pants dickies
57,corduroy dress pants
58,corduroy drawstring pants
59,corduroy drawstring pants mens
60,brown corduroy pants dickies
61,mens corduroy pants dark brown
62,mens corduroy dress pants
63,dockers corduroy pants
64,diesel corduroy pants
65,dime corduroy pants
66,corduroy pants empyre
67,corduroy pants elastic waist
68,corduroy embroidered pants
69,mens corduroy pants elastic waist
70,women's corduroy pants elastic waist
71,black corduroy pants empyre
72,blue corduroy pants empyre
73,brown corduroy pants empyre
74,wide leg corduroy pants elastic waist
75,light blue corduroy pants empyre
76,corduroy pants for women
77,corduroy pants flare
78,corduroy pants for boys
79,corduroy pants for girls
80,corduroy pants for kids
81,corduroy pants for ladies
82,corduroy flare pants women's
83,corduroy pants for baby boy
84,corduroy pants flipkart
85,corduroy pants green
86,corduroy pants girls
87,corduroy pants grey
88,corduroy pants gap
89,green corduroy pants mens
90,empyre corduroy pants green
91,green corduroy pants women's
92,gray corduroy pants
93,gramicci corduroy pants
94,gold corduroy pants
95,corduroy pants high waisted
96,corduroy harem pants
97,brown corduroy pants high waisted
98,halara corduroy pants
99,haggar corduroy pants
100,hollister corduroy pants
101,hudson corduroy pants
102,corduroy pants womens india
103,corduroy pants mens india
104,ivory corduroy pants
105,interstate corduroy pants
106,izod corduroy pants
107,industry corduroy pants
108,corduroy jogger pants
109,corduroy jogger pants men's
110,jnco corduroy pants
111,juniors corduroy pants
112,jcpenney corduroy pants
113,japanese corduroy pants
114,corduroy pants kids
115,corduroy pants - kmart
116,corduroy khaki pants
117,mens corduroy pants - kmart
118,empyre corduroy pants khaki
119,corduroy double knee pants
120,krooked corduroy pants
121,kut corduroy pants
122,kancan corduroy pants
123,corduroy pants ladies
124,corduroy pants loose fit
125,corduroy pants levi's
126,corduroy pants loose
127,corduroy loose pants men
128,corduroy pants wide leg
129,corduroy pants straight leg
130,levi corduroy pants mens
131,corduroy pants mens loose fit
132,corduroy pants men black
133,corduroy pants men brown
134,corduroy pants mens for sale
135,corduroy pants mens outfit
136,men's slim fit corduroy pants
137,corduroy pants mens near me
138,corduroy pants nz
139,corduroy pants near me
140,corduroy pants navy blue
141,corduroy pants nz men's
142,corduroy navy pants
143,mens corduroy pants near me
144,corduroy pants old navy
145,nike corduroy pants
146,navy corduroy pants women's
147,corduroy pants outfit
148,corduroy pants outfit mens streetwear
149,corduroy pants outfit mens
150,corduroy orange pants
151,brown corduroy pants outfit
152,green corduroy pants outfit
153,corduroy pants urban outfitters
154,corduroy pants petite
155,corduroy pants plus size
156,corduroy pants pink
157,corduroy pants purple
158,corduroy patchwork pants
159,corduroy pleated pants
160,corduroy palazzo pants
161,corduroy parachute pants
162,corduroy patch pants
163,quiksilver corduroy pants
164,corduroy pants regular fit
165,corduroy pants red
166,corduroy pants relaxed fit
167,mens corduroy pants relaxed fit
168,rust corduroy pants
169,red corduroy pants mens
170,reformation corduroy pants
171,red corduroy pants women's
172,rollas corduroy pants
173,corduroy pants style
174,corduroy pants slim fit
175,corduroy pants slim
176,corduroy pants short
177,corduroy pants style men
178,corduroy pants skinny
179,corduroy skate pants
180,corduroy stretch pants
181,corduroy stacked pants
182,corduroy pants tan
183,corduroy pants tall
184,corduroy pants target
185,corduroy track pants
186,corduroy tapered pants
187,corduroy toddler pants
188,womens tall corduroy pants
189,mens corduroy pants tan
190,talbots corduroy pants
191,corduroy utility pants
192,women's corduroy pants urban outfitters
193,uniqlo corduroy pants mens
194,corduroy pants vintage
195,ralph lauren corduroy pants vintage
196,vans corduroy pants
197,velvet corduroy pants
198,volcom corduroy pants
199,vintage corduroy pants mens
200,venture corduroy pants
201,versace corduroy pants
202,corduroy yellow pants
203,yellow corduroy pants women's
204,corduroy pants zumiez
205,empyre corduroy pants zumiez
206,purple corduroy zumiez pants
207,zara corduroy pants
208,zenana corduroy pants
209,corduroy formal pants
210,topman corduroy pants
211,women's corduroy pants size 16
212,boys corduroy pants size 12
213,auralee washed corduroy 5p pants
214,70s corduroy pants
215,corduroy pants women brown
216,corduroy pants women's straight leg
217,corduroy pants women black
218,womens petite corduroy pants
219,corduroy pants women flare
220,corduroy pants women style
221,corduroy pants mens black
222,corduroy pants mens brown
223,brown corduroy pants mens baggy
224,corduroy black pants men
225,empyre corduroy pants black
226,blackberry corduroy pants
227,black corduroy pants baggy
228,black corduroy pants women
229,black corduroy pants boys
230,wide leg corduroy pants women's high waisted
231,straight leg corduroy pants women's high waisted
232,corduroy pants brown women
233,empyre corduroy pants brown
234,brown corduroy pants flare
235,brown corduroy pants straight leg
236,brown corduroy pants outfit mens
237,corduroy baggy pants mens
238,baggy corduroy pants womens
239,corduroy capri pants
240,american eagle corduroy pants
241,aerie corduroy flare pants
242,american eagle corduroy flare pants
243,american eagle green corduroy pants
244,american eagle mens corduroy pants
245,american eagle brown corduroy pants
246,brown corduroy pants boys
247,empyre corduroy pants blue
248,mens corduroy pants blue
249,blue corduroy pants women's
250,women's corduroy bell bottom pants
251,bell bottom corduroy pants mens
252,mens corduroy pants beige
253,beige corduroy pants women
254,beige corduroy pants outfit
255,dark brown corduroy pants mens
256,burgundy corduroy pants mens
257,burgundy corduroy pants women
258,cream corduroy pants mens
259,womens cream corduroy pants
260,brown corduroy cargo pants
261,black corduroy cargo pants
262,pink corduroy cargo pants
263,green corduroy cargo pants
264,empyre corduroy cargo pants
265,vans corduroy cargo pants
266,women's corduroy pants canada
267,corduroy carpenter pants women's
268,corduroy cargo pants
269,corduroy work pants
270,mens corduroy carpenter pants
271,dickies cream corduroy carpenter pants
272,women's cropped corduroy pants
273,wide leg cropped corduroy pants
274,khaki corduroy pants women's
275,khaki corduroy pants mens
276,empyre corduroy pants mens
277,empyre corduroy pants purple
278,empyre corduroy pants pink
279,empyre light blue corduroy cargo skate pants
280,brown corduroy pants for women
281,womens tan corduroy pants
282,corduroy flare pants mens
283,green corduroy flare pants
284,red corduroy flare pants
285,black corduroy flare pants
286,petite corduroy flare pants
287,corduroy wide leg pants women
288,green corduroy pants mens outfit
289,grey corduroy pants women's
290,grey corduroy pants mens
291,olive green corduroy pants mens
292,dark green corduroy pants mens
293,dark green corduroy pants women's
294,olive green corduroy pants women
295,gray corduroy pants women
296,men's gray corduroy pants
297,high waisted corduroy pants straight leg
298,high waisted corduroy pants wide leg
299,high waisted brown corduroy flare pants
300,jcpenney womens corduroy pants
301,jcpenney mens corduroy pants
302,empyre skate khaki corduroy pants
303,krooked eyes corduroy pants
304,levi's corduroy pants women's
305,women's corduroy pants low rise
306,wide leg corduroy pants mens
307,women's corduroy pants wide leg
308,women's corduroy pants straight leg
309,mens corduroy pants straight leg
310,brown corduroy pants women's wide leg
311,brown corduroy wide leg pants
312,levi's corduroy pants mens
313,dark brown corduroy pants men
314,navy blue corduroy pants women's
315,navy corduroy pants mens
316,blue corduroy pants
317,blue corduroy pants mens
318,old navy corduroy pants
319,navy blue corduroy pants
320,nike sb corduroy pants
321,light blue corduroy pants women's
322,old navy womens corduroy pants
323,tan corduroy pants outfit
324,women's corduroy pants outfit
325,orange corduroy pants mens
326,womens orange corduroy pants
327,burnt orange corduroy pants
328,orange corduroy flare pants
329,brown corduroy pants petite
330,wide leg corduroy pants plus size
331,corduroy pants women pink
332,pink corduroy pants mens
333,purple corduroy pants mens
334,womens purple corduroy pants
335,pleated corduroy pants women's
336,pleated corduroy pants mens
337,corduroy wide leg pants
338,rust corduroy pants women's
339,rust colored corduroy pants
340,mens rust corduroy pants
341,men's corduroy pants slim fit
342,slim corduroy pants mens
343,mens corduroy skinny pants
344,skinny corduroy pants women's
345,mens corduroy skate pants
346,supreme corduroy skate pants
347,empyre tori carafe corduroy skate pants
348,stretch corduroy pants women's
349,stretchy corduroy pants
350,stretchy corduroy pants women
351,men's stretch corduroy pants
352,plus size stretch corduroy pants
353,tapered corduroy pants mens
354,corduroy wide tapered field pants
